region,bin_source,sigma_switch_threshold,P_left,P_right,P_med,sigma_local,n,base_bin_count,bin_width,min_bin_samples,line,line_name,scheme,power_col_for_prediction,power_threshold_axis,power_switch_threshold,fan_threshold_b
high,high_fit_bins,0.0,0.0,10.0,4.416854,0.685972739447832,22163,1,10.0,20,BING,丙（BING）,A,CT_eff,CT_eff,,10.0
high,high_fit_bins,0.0,10.0,20.0,14.813013,0.5779818707016421,17088,1,10.0,20,BING,丙（BING）,A,CT_eff,CT_eff,,10.0
high,high_fit_bins,0.0,20.0,30.0,24.772356,0.6066848672735535,16117,1,10.0,20,BING,丙（BING）,A,CT_eff,CT_eff,,10.0
high,high_fit_bins,0.0,30.0,40.0,34.9000035,0.6804538402185788,13120,1,10.0,20,BING,丙（BING）,A,CT_eff,CT_eff,,10.0
high,high_fit_bins,0.0,40.0,50.0,45.136692,0.8176152910764811,13141,1,10.0,20,BING,丙（BING）,A,CT_eff,CT_eff,,10.0
high,high_fit_bins,0.0,50.0,60.0,54.562343,0.9433450219268856,11332,1,10.0,20,BING,丙（BING）,A,CT_eff,CT_eff,,10.0
high,high_fit_bins,0.0,60.0,70.0,64.70227,1.1240962329896191,9398,1,10.0,20,BING,丙（BING）,A,CT_eff,CT_eff,,10.0
high,high_fit_bins,0.0,70.0,80.0,74.97634,1.2489120937451919,7933,1,10.0,20,BING,丙（BING）,A,CT_eff,CT_eff,,10.0
high,high_fit_bins,0.0,80.0,90.0,84.880455,1.4022678540510685,7435,1,10.0,20,BING,丙（BING）,A,CT_eff,CT_eff,,10.0
high,high_fit_bins,0.0,90.0,100.0,94.80722499999999,1.5461353492666645,6552,1,10.0,20,BING,丙（BING）,A,CT_eff,CT_eff,,10.0
high,high_fit_bins,0.0,100.0,110.0,104.90484,1.731345821318841,6323,1,10.0,20,BING,丙（BING）,A,CT_eff,CT_eff,,10.0
high,high_fit_bins,0.0,110.0,120.0,114.57157799999999,1.783745783841657,5782,1,10.0,20,BING,丙（BING）,A,CT_eff,CT_eff,,10.0
high,high_fit_bins,0.0,120.0,130.0,124.906175,1.9052813353524087,4998,1,10.0,20,BING,丙（BING）,A,CT_eff,CT_eff,,10.0
high,high_fit_bins,0.0,130.0,140.0,134.84695,2.073536073246302,4645,1,10.0,20,BING,丙（BING）,A,CT_eff,CT_eff,,10.0
high,high_fit_bins,0.0,140.0,150.0,144.97672,2.3082544770304523,4119,1,10.0,20,BING,丙（BING）,A,CT_eff,CT_eff,,10.0
high,high_fit_bins,0.0,150.0,160.0,155.10408999999999,2.3840336641523336,3850,1,10.0,20,BING,丙（BING）,A,CT_eff,CT_eff,,10.0
high,high_fit_bins,0.0,160.0,170.0,165.08552,2.409517208259309,3956,1,10.0,20,BING,丙（BING）,A,CT_eff,CT_eff,,10.0
high,high_fit_bins,0.0,170.0,180.0,174.594105,2.537749645126205,3876,1,10.0,20,BING,丙（BING）,A,CT_eff,CT_eff,,10.0
high,high_fit_bins,0.0,180.0,190.0,184.956635,2.7077614020500373,3376,1,10.0,20,BING,丙（BING）,A,CT_eff,CT_eff,,10.0
high,high_fit_bins,0.0,190.0,200.0,195.21486,2.7078973042953542,3053,1,10.0,20,BING,丙（BING）,A,CT_eff,CT_eff,,10.0
high,high_fit_bins,0.0,200.0,210.0,204.90857,2.798889249588364,3267,1,10.0,20,BING,丙（BING）,A,CT_eff,CT_eff,,10.0
high,high_fit_bins,0.0,210.0,220.0,214.96214,2.8691943075880526,3201,1,10.0,20,BING,丙（BING）,A,CT_eff,CT_eff,,10.0
high,high_fit_bins,0.0,220.0,230.0,225.094025,2.9180817177848932,3302,1,10.0,20,BING,丙（BING）,A,CT_eff,CT_eff,,10.0
high,high_fit_bins,0.0,230.0,240.0,234.69025,2.9320379203603593,2893,1,10.0,20,BING,丙（BING）,A,CT_eff,CT_eff,,10.0
high,high_fit_bins,0.0,240.0,250.0,245.422965,2.9093746963637033,2796,1,10.0,20,BING,丙（BING）,A,CT_eff,CT_eff,,10.0
high,high_fit_bins,0.0,250.0,260.0,255.50119,2.1516232333185115,4521,1,10.0,20,BING,丙（BING）,A,CT_eff,CT_eff,,10.0
high,high_fit_bins,0.0,260.0,270.0,264.99896,1.9951885108744254,4673,1,10.0,20,BING,丙（BING）,A,CT_eff,CT_eff,,10.0
high,high_fit_bins,0.0,270.0,280.0,274.90826500000003,2.045859222149817,3120,1,10.0,20,BING,丙（BING）,A,CT_eff,CT_eff,,10.0
high,high_fit_bins,0.0,280.0,290.0,283.48762,1.405599992696363,3158,1,10.0,20,BING,丙（BING）,A,CT_eff,CT_eff,,10.0
high,high_fit_bins,0.0,290.0,300.0,293.56802,1.1580062568302756,611,1,10.0,20,BING,丙（BING）,A,CT_eff,CT_eff,,10.0
low,low_lookup,10.0,0.0,0.5,0.286225825,0.46923459857590094,560,1,0.5,20,BING,丙（BING）,AP,CT_eff,CT_eff,10.0,10.0
high,high_fit_bins,10.0,0.0,10.0,9.011436,0.6441138405921284,22163,1,10.0,20,BING,丙（BING）,AP,CT_eff,CT_eff,10.0,10.0
low,low_lookup,10.0,0.5,1.0,0.69125053,0.4989800062837111,1128,1,0.5,20,BING,丙（BING）,AP,CT_eff,CT_eff,10.0,10.0
low,low_lookup,10.0,1.0,1.5,1.2703653,0.4988508381580283,1406,1,0.5,20,BING,丙（BING）,AP,CT_eff,CT_eff,10.0,10.0
low,low_lookup,10.0,1.5,2.0,1.7418356,0.7763160853098918,1639,1,0.5,20,BING,丙（BING）,AP,CT_eff,CT_eff,10.0,10.0
low,low_lookup,10.0,2.0,2.5,2.2477193,0.7907949683812624,1515,1,0.5,20,BING,丙（BING）,AP,CT_eff,CT_eff,10.0,10.0
low,low_lookup,10.0,2.5,3.0,2.74213325,0.6590552132894775,1366,1,0.5,20,BING,丙（BING）,AP,CT_eff,CT_eff,10.0,10.0
low,low_lookup,10.0,3.0,3.5,3.2427397,0.6913981981871561,1275,1,0.5,20,BING,丙（BING）,AP,CT_eff,CT_eff,10.0,10.0
low,low_lookup,10.0,3.5,4.0,3.7482,0.5638709923264382,1189,1,0.5,20,BING,丙（BING）,AP,CT_eff,CT_eff,10.0,10.0
low,low_lookup,10.0,4.0,4.5,4.2529698499999995,0.6515864887558611,1205,1,0.5,20,BING,丙（BING）,AP,CT_eff,CT_eff,10.0,10.0
low,low_lookup,10.0,4.5,5.0,4.74717525,0.5474559416050578,1167,1,0.5,20,BING,丙（BING）,AP,CT_eff,CT_eff,10.0,10.0
low,low_lookup,10.0,5.0,5.5,5.236549,0.637464804051103,1126,1,0.5,20,BING,丙（BING）,AP,CT_eff,CT_eff,10.0,10.0
low,low_lookup,10.0,5.5,6.0,5.74803305,0.557052828018439,999,1,0.5,20,BING,丙（BING）,AP,CT_eff,CT_eff,10.0,10.0
low,low_lookup,10.0,6.0,6.5,6.2584233000000005,0.5692401873478815,1021,1,0.5,20,BING,丙（BING）,AP,CT_eff,CT_eff,10.0,10.0
low,low_lookup,10.0,6.5,7.0,6.7577796,0.691516094562633,978,1,0.5,20,BING,丙（BING）,AP,CT_eff,CT_eff,10.0,10.0
low,low_lookup,10.0,7.0,7.5,7.2272555999999994,0.6504022508528107,964,1,0.5,20,BING,丙（BING）,AP,CT_eff,CT_eff,10.0,10.0
low,low_lookup,10.0,7.5,8.0,7.7324166,0.5588463154161375,911,1,0.5,20,BING,丙（BING）,AP,CT_eff,CT_eff,10.0,10.0
low,low_lookup,10.0,8.0,8.5,8.1897615,0.5583459802033036,888,1,0.5,20,BING,丙（BING）,AP,CT_eff,CT_eff,10.0,10.0
low,low_lookup,10.0,8.5,10.0,8.607636,0.678905971787783,2826,3,0.5,20,BING,丙（BING）,AP,CT_eff,CT_eff,10.0,10.0
high,high_fit_bins,10.0,10.0,20.0,14.813013,0.5772193913750125,17088,1,10.0,20,BING,丙（BING）,AP,CT_eff,CT_eff,10.0,10.0
high,high_fit_bins,10.0,20.0,30.0,24.772356,0.6066848672735535,16117,1,10.0,20,BING,丙（BING）,AP,CT_eff,CT_eff,10.0,10.0
high,high_fit_bins,10.0,30.0,40.0,34.9000035,0.6804538402185788,13120,1,10.0,20,BING,丙（BING）,AP,CT_eff,CT_eff,10.0,10.0
high,high_fit_bins,10.0,40.0,50.0,45.136692,0.8176152910764811,13141,1,10.0,20,BING,丙（BING）,AP,CT_eff,CT_eff,10.0,10.0
high,high_fit_bins,10.0,50.0,60.0,54.562343,0.9433450219268856,11332,1,10.0,20,BING,丙（BING）,AP,CT_eff,CT_eff,10.0,10.0
high,high_fit_bins,10.0,60.0,70.0,64.70227,1.1240962329896191,9398,1,10.0,20,BING,丙（BING）,AP,CT_eff,CT_eff,10.0,10.0
high,high_fit_bins,10.0,70.0,80.0,74.97634,1.2489120937451919,7933,1,10.0,20,BING,丙（BING）,AP,CT_eff,CT_eff,10.0,10.0
high,high_fit_bins,10.0,80.0,90.0,84.880455,1.4022678540510685,7435,1,10.0,20,BING,丙（BING）,AP,CT_eff,CT_eff,10.0,10.0
high,high_fit_bins,10.0,90.0,100.0,94.80722499999999,1.5461353492666645,6552,1,10.0,20,BING,丙（BING）,AP,CT_eff,CT_eff,10.0,10.0
high,high_fit_bins,10.0,100.0,110.0,104.90484,1.731345821318841,6323,1,10.0,20,BING,丙（BING）,AP,CT_eff,CT_eff,10.0,10.0
high,high_fit_bins,10.0,110.0,120.0,114.57157799999999,1.783745783841657,5782,1,10.0,20,BING,丙（BING）,AP,CT_eff,CT_eff,10.0,10.0
high,high_fit_bins,10.0,120.0,130.0,124.906175,1.9052813353524087,4998,1,10.0,20,BING,丙（BING）,AP,CT_eff,CT_eff,10.0,10.0
high,high_fit_bins,10.0,130.0,140.0,134.84695,2.073536073246302,4645,1,10.0,20,BING,丙（BING）,AP,CT_eff,CT_eff,10.0,10.0
high,high_fit_bins,10.0,140.0,150.0,144.97672,2.3082544770304523,4119,1,10.0,20,BING,丙（BING）,AP,CT_eff,CT_eff,10.0,10.0
high,high_fit_bins,10.0,150.0,160.0,155.10408999999999,2.3840336641523336,3850,1,10.0,20,BING,丙（BING）,AP,CT_eff,CT_eff,10.0,10.0
high,high_fit_bins,10.0,160.0,170.0,165.08552,2.409517208259309,3956,1,10.0,20,BING,丙（BING）,AP,CT_eff,CT_eff,10.0,10.0
high,high_fit_bins,10.0,170.0,180.0,174.594105,2.537749645126205,3876,1,10.0,20,BING,丙（BING）,AP,CT_eff,CT_eff,10.0,10.0
high,high_fit_bins,10.0,180.0,190.0,184.956635,2.7077614020500373,3376,1,10.0,20,BING,丙（BING）,AP,CT_eff,CT_eff,10.0,10.0
high,high_fit_bins,10.0,190.0,200.0,195.21486,2.7078973042953542,3053,1,10.0,20,BING,丙（BING）,AP,CT_eff,CT_eff,10.0,10.0
high,high_fit_bins,10.0,200.0,210.0,204.90857,2.798889249588364,3267,1,10.0,20,BING,丙（BING）,AP,CT_eff,CT_eff,10.0,10.0
high,high_fit_bins,10.0,210.0,220.0,214.96214,2.8691943075880526,3201,1,10.0,20,BING,丙（BING）,AP,CT_eff,CT_eff,10.0,10.0
high,high_fit_bins,10.0,220.0,230.0,225.094025,2.9180817177848932,3302,1,10.0,20,BING,丙（BING）,AP,CT_eff,CT_eff,10.0,10.0
high,high_fit_bins,10.0,230.0,240.0,234.69025,2.9320379203603593,2893,1,10.0,20,BING,丙（BING）,AP,CT_eff,CT_eff,10.0,10.0
high,high_fit_bins,10.0,240.0,250.0,245.422965,2.9093746963637033,2796,1,10.0,20,BING,丙（BING）,AP,CT_eff,CT_eff,10.0,10.0
high,high_fit_bins,10.0,250.0,260.0,255.50119,2.1516232333185115,4521,1,10.0,20,BING,丙（BING）,AP,CT_eff,CT_eff,10.0,10.0
high,high_fit_bins,10.0,260.0,270.0,264.99896,1.9951885108744254,4673,1,10.0,20,BING,丙（BING）,AP,CT_eff,CT_eff,10.0,10.0
high,high_fit_bins,10.0,270.0,280.0,274.90826500000003,2.045859222149817,3120,1,10.0,20,BING,丙（BING）,AP,CT_eff,CT_eff,10.0,10.0
high,high_fit_bins,10.0,280.0,290.0,283.48762,1.405599992696363,3158,1,10.0,20,BING,丙（BING）,AP,CT_eff,CT_eff,10.0,10.0
high,high_fit_bins,10.0,290.0,300.0,293.56802,1.1580062568302756,611,1,10.0,20,BING,丙（BING）,AP,CT_eff,CT_eff,10.0,10.0
low,low_lookup,10.0,0.0,0.5,0.14,0.048524117305796546,8326,1,0.5,20,BING,丙（BING）,B,FAN_eff,FAN_eff,10.0,10.0
low,low_lookup,10.0,0.5,1.0,0.72719,0.0,3344,1,0.5,20,BING,丙（BING）,B,FAN_eff,FAN_eff,10.0,10.0
low,low_lookup,10.0,1.0,1.5,1.2483499999999998,0.0,2864,1,0.5,20,BING,丙（BING）,B,FAN_eff,FAN_eff,10.0,10.0
low,low_lookup,10.0,1.5,2.0,1.751,0.005007736509203086,2653,1,0.5,20,BING,丙（BING）,B,FAN_eff,FAN_eff,10.0,10.0
low,low_lookup,10.0,2.0,2.5,2.24273,0.036921480718645996,2437,1,0.5,20,BING,丙（BING）,B,FAN_eff,FAN_eff,10.0,10.0
low,low_lookup,10.0,2.5,3.0,2.74295,0.15805698792624828,2251,1,0.5,20,BING,丙（BING）,B,FAN_eff,FAN_eff,10.0,10.0
low,low_lookup,10.0,3.0,3.5,3.24987,0.4358092450197399,2147,1,0.5,20,BING,丙（BING）,B,FAN_eff,FAN_eff,10.0,10.0
low,low_lookup,10.0,3.5,4.0,3.754225,0.6481755135875334,2046,1,0.5,20,BING,丙（BING）,B,FAN_eff,FAN_eff,10.0,10.0
low,low_lookup,10.0,4.0,4.5,4.240240000000001,0.6428717429166099,1969,1,0.5,20,BING,丙（BING）,B,FAN_eff,FAN_eff,10.0,10.0
low,low_lookup,10.0,4.5,5.0,4.743170000000001,0.6062672239416693,1866,1,0.5,20,BING,丙（BING）,B,FAN_eff,FAN_eff,10.0,10.0
low,low_lookup,10.0,5.0,5.5,5.244509999999999,0.5972347712807781,1729,1,0.5,20,BING,丙（BING）,B,FAN_eff,FAN_eff,10.0,10.0
low,low_lookup,10.0,5.5,6.0,5.728800000000001,0.6290646396829996,1428,1,0.5,20,BING,丙（BING）,B,FAN_eff,FAN_eff,10.0,10.0
low,low_lookup,10.0,6.0,6.5,6.249179999999999,0.6350892028481605,1365,1,0.5,20,BING,丙（BING）,B,FAN_eff,FAN_eff,10.0,10.0
low,low_lookup,10.0,6.5,7.0,6.75768,0.598265901135196,1291,1,0.5,20,BING,丙（BING）,B,FAN_eff,FAN_eff,10.0,10.0
low,low_lookup,10.0,7.0,7.5,7.252834999999999,0.6310125149565964,1264,1,0.5,20,BING,丙（BING）,B,FAN_eff,FAN_eff,10.0,10.0
low,low_lookup,10.0,7.5,8.0,7.74446,0.6349410315082192,1179,1,0.5,20,BING,丙（BING）,B,FAN_eff,FAN_eff,10.0,10.0
low,low_lookup,10.0,8.0,8.5,8.24496,0.6068559832269496,1121,1,0.5,20,BING,丙（BING）,B,FAN_eff,FAN_eff,10.0,10.0
low,low_lookup,10.0,8.5,9.0,8.738255000000002,0.6072605834941056,1052,1,0.5,20,BING,丙（BING）,B,FAN_eff,FAN_eff,10.0,10.0
low,low_lookup,10.0,9.0,9.5,9.254729999999999,0.6152737312289884,1026,1,0.5,20,BING,丙（BING）,B,FAN_eff,FAN_eff,10.0,10.0
low,low_lookup,10.0,9.5,10.0,9.741559999999998,0.6161191752976332,963,1,0.5,20,BING,丙（BING）,B,FAN_eff,FAN_eff,10.0,10.0
high,high_fit_bins,10.0,10.0,20.0,14.646365,0.6971759771825253,17904,1,10.0,20,BING,丙（BING）,B,FAN_eff,FAN_eff,10.0,10.0
high,high_fit_bins,10.0,20.0,30.0,24.890059999999995,0.5891190916264315,16411,1,10.0,20,BING,丙（BING）,B,FAN_eff,FAN_eff,10.0,10.0
high,high_fit_bins,10.0,30.0,40.0,34.84823,0.6631870951838428,13136,1,10.0,20,BING,丙（BING）,B,FAN_eff,FAN_eff,10.0,10.0
high,high_fit_bins,10.0,40.0,50.0,45.03726,0.7513692042330836,12911,1,10.0,20,BING,丙（BING）,B,FAN_eff,FAN_eff,10.0,10.0
high,high_fit_bins,10.0,50.0,60.0,54.598299999999995,0.8967730774940287,11832,1,10.0,20,BING,丙（BING）,B,FAN_eff,FAN_eff,10.0,10.0
high,high_fit_bins,10.0,60.0,70.0,64.8697799,1.025152080829699,9596,1,10.0,20,BING,丙（BING）,B,FAN_eff,FAN_eff,10.0,10.0
high,high_fit_bins,10.0,70.0,80.0,74.910355,1.1636154745725693,7886,1,10.0,20,BING,丙（BING）,B,FAN_eff,FAN_eff,10.0,10.0
high,high_fit_bins,10.0,80.0,90.0,84.79436,1.3332593470549998,7519,1,10.0,20,BING,丙（BING）,B,FAN_eff,FAN_eff,10.0,10.0
high,high_fit_bins,10.0,90.0,100.0,94.84274500000001,1.468895105341341,6604,1,10.0,20,BING,丙（BING）,B,FAN_eff,FAN_eff,10.0,10.0
high,high_fit_bins,10.0,100.0,110.0,104.99584000000002,1.5772380935139432,6181,1,10.0,20,BING,丙（BING）,B,FAN_eff,FAN_eff,10.0,10.0
high,high_fit_bins,10.0,110.0,120.0,114.87371010000004,1.7376754926699487,6000,1,10.0,20,BING,丙（BING）,B,FAN_eff,FAN_eff,10.0,10.0
high,high_fit_bins,10.0,120.0,130.0,125.04027999999998,1.816938928884998,5030,1,10.0,20,BING,丙（BING）,B,FAN_eff,FAN_eff,10.0,10.0
high,high_fit_bins,10.0,130.0,140.0,135.10742495,1.9120769710574201,4634,1,10.0,20,BING,丙（BING）,B,FAN_eff,FAN_eff,10.0,10.0
high,high_fit_bins,10.0,140.0,150.0,144.90248000000003,2.1392744889583075,4144,1,10.0,20,BING,丙（BING）,B,FAN_eff,FAN_eff,10.0,10.0
high,high_fit_bins,10.0,150.0,160.0,154.72227,2.288339052621945,3812,1,10.0,20,BING,丙（BING）,B,FAN_eff,FAN_eff,10.0,10.0
high,high_fit_bins,10.0,160.0,170.0,165.08511499999997,2.3391547286596714,3798,1,10.0,20,BING,丙（BING）,B,FAN_eff,FAN_eff,10.0,10.0
high,high_fit_bins,10.0,170.0,180.0,175.1771845,2.357813560231923,4034,1,10.0,20,BING,丙（BING）,B,FAN_eff,FAN_eff,10.0,10.0
high,high_fit_bins,10.0,180.0,190.0,185.10913,2.578102020401503,3393,1,10.0,20,BING,丙（BING）,B,FAN_eff,FAN_eff,10.0,10.0
high,high_fit_bins,10.0,190.0,200.0,194.67212484999996,2.6298149825424204,3054,1,10.0,20,BING,丙（BING）,B,FAN_eff,FAN_eff,10.0,10.0
high,high_fit_bins,10.0,200.0,210.0,205.12598,2.662511077853462,3121,1,10.0,20,BING,丙（BING）,B,FAN_eff,FAN_eff,10.0,10.0
high,high_fit_bins,10.0,210.0,220.0,214.983785,2.695556774414498,3128,1,10.0,20,BING,丙（BING）,B,FAN_eff,FAN_eff,10.0,10.0
high,high_fit_bins,10.0,220.0,230.0,225.24881489999996,2.8235637043759536,3086,1,10.0,20,BING,丙（BING）,B,FAN_eff,FAN_eff,10.0,10.0
high,high_fit_bins,10.0,230.0,240.0,234.85905499999996,2.798235871511124,3122,1,10.0,20,BING,丙（BING）,B,FAN_eff,FAN_eff,10.0,10.0
high,high_fit_bins,10.0,240.0,250.0,244.84266000000002,2.8353801843427937,2660,1,10.0,20,BING,丙（BING）,B,FAN_eff,FAN_eff,10.0,10.0
high,high_fit_bins,10.0,250.0,260.0,255.47163500000002,2.6293964255577253,2772,1,10.0,20,BING,丙（BING）,B,FAN_eff,FAN_eff,10.0,10.0
high,high_fit_bins,10.0,260.0,270.0,265.30174,2.1310272140908246,4548,1,10.0,20,BING,丙（BING）,B,FAN_eff,FAN_eff,10.0,10.0
high,high_fit_bins,10.0,270.0,280.0,275.25261,1.9652132015196888,4421,1,10.0,20,BING,丙（BING）,B,FAN_eff,FAN_eff,10.0,10.0
high,high_fit_bins,10.0,280.0,290.0,284.98184,1.9150038321120344,2936,1,10.0,20,BING,丙（BING）,B,FAN_eff,FAN_eff,10.0,10.0
high,high_fit_bins,10.0,290.0,300.0,293.3723598,1.3365060020942678,3058,1,10.0,20,BING,丙（BING）,B,FAN_eff,FAN_eff,10.0,10.0
high,high_fit_bins,10.0,300.0,310.0,304.30918999999994,1.0617749808815373,614,1,10.0,20,BING,丙（BING）,B,FAN_eff,FAN_eff,10.0,10.0
high,high_fit_bins,0.0,0.0,10.0,4.258622,0.5050299048468285,23647,1,10.0,20,DING,丁（DING）,A,CT_eff,CT_eff,,10.0
high,high_fit_bins,0.0,10.0,20.0,14.878289,0.5187354858131357,17652,1,10.0,20,DING,丁（DING）,A,CT_eff,CT_eff,,10.0
high,high_fit_bins,0.0,20.0,30.0,24.864037500000002,0.7691984185905351,15924,1,10.0,20,DING,丁（DING）,A,CT_eff,CT_eff,,10.0
high,high_fit_bins,0.0,30.0,40.0,34.996528999999995,0.8113660458112375,14770,1,10.0,20,DING,丁（DING）,A,CT_eff,CT_eff,,10.0
high,high_fit_bins,0.0,40.0,50.0,44.6232605,0.8052329135647089,13596,1,10.0,20,DING,丁（DING）,A,CT_eff,CT_eff,,10.0
high,high_fit_bins,0.0,50.0,60.0,54.793275,0.8954360664616114,10708,1,10.0,20,DING,丁（DING）,A,CT_eff,CT_eff,,10.0
high,high_fit_bins,0.0,60.0,70.0,64.650465,1.0436764079534542,8976,1,10.0,20,DING,丁（DING）,A,CT_eff,CT_eff,,10.0
high,high_fit_bins,0.0,70.0,80.0,74.897695,1.0685106272673026,7822,1,10.0,20,DING,丁（DING）,A,CT_eff,CT_eff,,10.0
high,high_fit_bins,0.0,80.0,90.0,84.893776,1.2897721479528192,7011,1,10.0,20,DING,丁（DING）,A,CT_eff,CT_eff,,10.0
high,high_fit_bins,0.0,90.0,100.0,94.78181,1.3549251277647043,6206,1,10.0,20,DING,丁（DING）,A,CT_eff,CT_eff,,10.0
high,high_fit_bins,0.0,100.0,110.0,104.94423,1.4656473333641866,5726,1,10.0,20,DING,丁（DING）,A,CT_eff,CT_eff,,10.0
high,high_fit_bins,0.0,110.0,120.0,114.83831,1.591723345102306,5099,1,10.0,20,DING,丁（DING）,A,CT_eff,CT_eff,,10.0
high,high_fit_bins,0.0,120.0,130.0,124.90497300000001,1.808847431244248,4540,1,10.0,20,DING,丁（DING）,A,CT_eff,CT_eff,,10.0
high,high_fit_bins,0.0,130.0,140.0,134.78363000000002,2.020747049122579,3866,1,10.0,20,DING,丁（DING）,A,CT_eff,CT_eff,,10.0
high,high_fit_bins,0.0,140.0,150.0,145.9872,2.0162510075082825,4333,1,10.0,20,DING,丁（DING）,A,CT_eff,CT_eff,,10.0
high,high_fit_bins,0.0,150.0,160.0,155.106335,2.3546191402987557,3320,1,10.0,20,DING,丁（DING）,A,CT_eff,CT_eff,,10.0
high,high_fit_bins,0.0,160.0,170.0,164.870665,2.4304672891565926,3020,1,10.0,20,DING,丁（DING）,A,CT_eff,CT_eff,,10.0
high,high_fit_bins,0.0,170.0,180.0,174.98542,2.462089080518522,2820,1,10.0,20,DING,丁（DING）,A,CT_eff,CT_eff,,10.0
high,high_fit_bins,0.0,180.0,190.0,184.84350999999998,2.543066733825828,2840,1,10.0,20,DING,丁（DING）,A,CT_eff,CT_eff,,10.0
high,high_fit_bins,0.0,190.0,200.0,194.988775,2.56981563402918,2642,1,10.0,20,DING,丁（DING）,A,CT_eff,CT_eff,,10.0
high,high_fit_bins,0.0,200.0,210.0,205.0929,2.4958712813336477,2843,1,10.0,20,DING,丁（DING）,A,CT_eff,CT_eff,,10.0
high,high_fit_bins,0.0,210.0,220.0,215.12859,2.4090515300401347,2936,1,10.0,20,DING,丁（DING）,A,CT_eff,CT_eff,,10.0
high,high_fit_bins,0.0,220.0,230.0,224.99982,2.6650602935449155,2305,1,10.0,20,DING,丁（DING）,A,CT_eff,CT_eff,,10.0
high,high_fit_bins,0.0,230.0,240.0,235.3059,2.311575343200015,2869,1,10.0,20,DING,丁（DING）,A,CT_eff,CT_eff,,10.0
high,high_fit_bins,0.0,240.0,250.0,244.92564499999997,2.0749828476335797,2810,1,10.0,20,DING,丁（DING）,A,CT_eff,CT_eff,,10.0
high,high_fit_bins,0.0,250.0,260.0,254.12982,1.7108823574059187,4021,1,10.0,20,DING,丁（DING）,A,CT_eff,CT_eff,,10.0
high,high_fit_bins,0.0,260.0,270.0,263.65936,1.9624748991812022,2023,1,10.0,20,DING,丁（DING）,A,CT_eff,CT_eff,,10.0
high,high_fit_bins,0.0,270.0,280.0,274.26535,1.5294536104565362,1727,1,10.0,20,DING,丁（DING）,A,CT_eff,CT_eff,,10.0
high,high_fit_bins,0.0,280.0,290.0,280.97818,0.6690591582110839,797,1,10.0,20,DING,丁（DING）,A,CT_eff,CT_eff,,10.0
low,low_lookup,10.0,0.0,0.5,0.31410388499999997,0.5806342270645025,1221,1,0.5,20,DING,丁（DING）,AP,CT_eff,CT_eff,10.0,10.0
high,high_fit_bins,10.0,0.0,10.0,8.8120495,0.5683282917143705,23647,1,10.0,20,DING,丁（DING）,AP,CT_eff,CT_eff,10.0,10.0
low,low_lookup,10.0,0.5,1.0,0.8075055,0.4001218192555177,2019,1,0.5,20,DING,丁（DING）,AP,CT_eff,CT_eff,10.0,10.0
low,low_lookup,10.0,1.0,1.5,1.1697142,0.41416571324029755,981,1,0.5,20,DING,丁（DING）,AP,CT_eff,CT_eff,10.0,10.0
low,low_lookup,10.0,1.5,2.0,1.7429679,0.5565369613513241,1585,1,0.5,20,DING,丁（DING）,AP,CT_eff,CT_eff,10.0,10.0
low,low_lookup,10.0,2.0,2.5,2.2639465,0.41592534410653864,1473,1,0.5,20,DING,丁（DING）,AP,CT_eff,CT_eff,10.0,10.0
low,low_lookup,10.0,2.5,3.0,2.746328,0.5490000101649003,1446,1,0.5,20,DING,丁（DING）,AP,CT_eff,CT_eff,10.0,10.0
low,low_lookup,10.0,3.0,3.5,3.24814,0.7650967865844696,1322,1,0.5,20,DING,丁（DING）,AP,CT_eff,CT_eff,10.0,10.0
low,low_lookup,10.0,3.5,4.0,3.758113,0.42370268687410717,1167,1,0.5,20,DING,丁（DING）,AP,CT_eff,CT_eff,10.0,10.0
low,low_lookup,10.0,4.0,4.5,4.2502666,0.46720458660194314,1191,1,0.5,20,DING,丁（DING）,AP,CT_eff,CT_eff,10.0,10.0
low,low_lookup,10.0,4.5,5.0,4.748064149999999,0.46442580738633615,1158,1,0.5,20,DING,丁（DING）,AP,CT_eff,CT_eff,10.0,10.0
low,low_lookup,10.0,5.0,5.5,5.2501973500000005,0.4628612122198052,1060,1,0.5,20,DING,丁（DING）,AP,CT_eff,CT_eff,10.0,10.0
low,low_lookup,10.0,5.5,6.0,5.7650299,0.48039619244337534,1029,1,0.5,20,DING,丁（DING）,AP,CT_eff,CT_eff,10.0,10.0
low,low_lookup,10.0,6.0,6.5,6.24967485,0.47998825772404385,1071,1,0.5,20,DING,丁（DING）,AP,CT_eff,CT_eff,10.0,10.0
low,low_lookup,10.0,6.5,7.0,6.7406273,0.4309060401236176,1073,1,0.5,20,DING,丁（DING）,AP,CT_eff,CT_eff,10.0,10.0
low,low_lookup,10.0,7.0,7.5,7.22502285,0.47653688382932463,1018,1,0.5,20,DING,丁（DING）,AP,CT_eff,CT_eff,10.0,10.0
low,low_lookup,10.0,7.5,8.0,7.6799029999999995,0.5086906713561411,981,1,0.5,20,DING,丁（DING）,AP,CT_eff,CT_eff,10.0,10.0
low,low_lookup,10.0,8.0,8.5,8.137353,0.48569789483306297,1025,1,0.5,20,DING,丁（DING）,AP,CT_eff,CT_eff,10.0,10.0
low,low_lookup,10.0,8.5,10.0,8.806304,0.7135935704379865,2827,3,0.5,20,DING,丁（DING）,AP,CT_eff,CT_eff,10.0,10.0
high,high_fit_bins,10.0,10.0,20.0,14.878289,0.5189223301400013,17652,1,10.0,20,DING,丁（DING）,AP,CT_eff,CT_eff,10.0,10.0
high,high_fit_bins,10.0,20.0,30.0,24.864037500000002,0.7691984185905351,15924,1,10.0,20,DING,丁（DING）,AP,CT_eff,CT_eff,10.0,10.0
high,high_fit_bins,10.0,30.0,40.0,34.996528999999995,0.8113660458112375,14770,1,10.0,20,DING,丁（DING）,AP,CT_eff,CT_eff,10.0,10.0
high,high_fit_bins,10.0,40.0,50.0,44.6232605,0.8052329135647089,13596,1,10.0,20,DING,丁（DING）,AP,CT_eff,CT_eff,10.0,10.0
high,high_fit_bins,10.0,50.0,60.0,54.793275,0.8954360664616114,10708,1,10.0,20,DING,丁（DING）,AP,CT_eff,CT_eff,10.0,10.0
high,high_fit_bins,10.0,60.0,70.0,64.650465,1.0436764079534542,8976,1,10.0,20,DING,丁（DING）,AP,CT_eff,CT_eff,10.0,10.0
high,high_fit_bins,10.0,70.0,80.0,74.897695,1.0685106272673026,7822,1,10.0,20,DING,丁（DING）,AP,CT_eff,CT_eff,10.0,10.0
high,high_fit_bins,10.0,80.0,90.0,84.893776,1.2897721479528192,7011,1,10.0,20,DING,丁（DING）,AP,CT_eff,CT_eff,10.0,10.0
high,high_fit_bins,10.0,90.0,100.0,94.78181,1.3549251277647043,6206,1,10.0,20,DING,丁（DING）,AP,CT_eff,CT_eff,10.0,10.0
high,high_fit_bins,10.0,100.0,110.0,104.94423,1.4656473333641866,5726,1,10.0,20,DING,丁（DING）,AP,CT_eff,CT_eff,10.0,10.0
high,high_fit_bins,10.0,110.0,120.0,114.83831,1.591723345102306,5099,1,10.0,20,DING,丁（DING）,AP,CT_eff,CT_eff,10.0,10.0
high,high_fit_bins,10.0,120.0,130.0,124.90497300000001,1.808847431244248,4540,1,10.0,20,DING,丁（DING）,AP,CT_eff,CT_eff,10.0,10.0
high,high_fit_bins,10.0,130.0,140.0,134.78363000000002,2.020747049122579,3866,1,10.0,20,DING,丁（DING）,AP,CT_eff,CT_eff,10.0,10.0
high,high_fit_bins,10.0,140.0,150.0,145.9872,2.0162510075082825,4333,1,10.0,20,DING,丁（DING）,AP,CT_eff,CT_eff,10.0,10.0
high,high_fit_bins,10.0,150.0,160.0,155.106335,2.3546191402987557,3320,1,10.0,20,DING,丁（DING）,AP,CT_eff,CT_eff,10.0,10.0
high,high_fit_bins,10.0,160.0,170.0,164.870665,2.4304672891565926,3020,1,10.0,20,DING,丁（DING）,AP,CT_eff,CT_eff,10.0,10.0
high,high_fit_bins,10.0,170.0,180.0,174.98542,2.462089080518522,2820,1,10.0,20,DING,丁（DING）,AP,CT_eff,CT_eff,10.0,10.0
high,high_fit_bins,10.0,180.0,190.0,184.84350999999998,2.543066733825828,2840,1,10.0,20,DING,丁（DING）,AP,CT_eff,CT_eff,10.0,10.0
high,high_fit_bins,10.0,190.0,200.0,194.988775,2.56981563402918,2642,1,10.0,20,DING,丁（DING）,AP,CT_eff,CT_eff,10.0,10.0
high,high_fit_bins,10.0,200.0,210.0,205.0929,2.4958712813336477,2843,1,10.0,20,DING,丁（DING）,AP,CT_eff,CT_eff,10.0,10.0
high,high_fit_bins,10.0,210.0,220.0,215.12859,2.4090515300401347,2936,1,10.0,20,DING,丁（DING）,AP,CT_eff,CT_eff,10.0,10.0
high,high_fit_bins,10.0,220.0,230.0,224.99982,2.6650602935449155,2305,1,10.0,20,DING,丁（DING）,AP,CT_eff,CT_eff,10.0,10.0
high,high_fit_bins,10.0,230.0,240.0,235.3059,2.311575343200015,2869,1,10.0,20,DING,丁（DING）,AP,CT_eff,CT_eff,10.0,10.0
high,high_fit_bins,10.0,240.0,250.0,244.92564499999997,2.0749828476335797,2810,1,10.0,20,DING,丁（DING）,AP,CT_eff,CT_eff,10.0,10.0
high,high_fit_bins,10.0,250.0,260.0,254.12982,1.7108823574059187,4021,1,10.0,20,DING,丁（DING）,AP,CT_eff,CT_eff,10.0,10.0
high,high_fit_bins,10.0,260.0,270.0,263.65936,1.9624748991812022,2023,1,10.0,20,DING,丁（DING）,AP,CT_eff,CT_eff,10.0,10.0
high,high_fit_bins,10.0,270.0,280.0,274.26535,1.5294536104565362,1727,1,10.0,20,DING,丁（DING）,AP,CT_eff,CT_eff,10.0,10.0
high,high_fit_bins,10.0,280.0,290.0,280.97818,0.6690591582110839,797,1,10.0,20,DING,丁（DING）,AP,CT_eff,CT_eff,10.0,10.0
low,low_lookup,10.0,0.0,0.5,0.002,0.0004704025254634537,28047,1,0.5,20,DING,丁（DING）,B,FAN_eff,FAN_eff,10.0,10.0
low,low_lookup,10.0,0.5,1.0,0.72321,2.5097230242306202e-05,5377,1,0.5,20,DING,丁（DING）,B,FAN_eff,FAN_eff,10.0,10.0
low,low_lookup,10.0,1.0,1.5,1.243894,0.021049651664291017,4284,1,0.5,20,DING,丁（DING）,B,FAN_eff,FAN_eff,10.0,10.0
low,low_lookup,10.0,1.5,2.0,1.733454,0.06525191810450579,3289,1,0.5,20,DING,丁（DING）,B,FAN_eff,FAN_eff,10.0,10.0
low,low_lookup,10.0,2.0,2.5,2.2380500000000003,0.13268903243357585,2557,1,0.5,20,DING,丁（DING）,B,FAN_eff,FAN_eff,10.0,10.0
low,low_lookup,10.0,2.5,3.0,2.739463,0.2952441093140794,2188,1,0.5,20,DING,丁（DING）,B,FAN_eff,FAN_eff,10.0,10.0
low,low_lookup,10.0,3.0,3.5,3.2443964999999997,0.45618628011424583,2018,1,0.5,20,DING,丁（DING）,B,FAN_eff,FAN_eff,10.0,10.0
low,low_lookup,10.0,3.5,4.0,3.7458449999999996,0.49150988132885937,1790,1,0.5,20,DING,丁（DING）,B,FAN_eff,FAN_eff,10.0,10.0
low,low_lookup,10.0,4.0,4.5,4.24932,0.47038589763688016,1589,1,0.5,20,DING,丁（DING）,B,FAN_eff,FAN_eff,10.0,10.0
low,low_lookup,10.0,4.5,5.0,4.745520000000001,0.449766428263464,1559,1,0.5,20,DING,丁（DING）,B,FAN_eff,FAN_eff,10.0,10.0
low,low_lookup,10.0,5.0,5.5,5.247028499999999,0.42279802275955697,1474,1,0.5,20,DING,丁（DING）,B,FAN_eff,FAN_eff,10.0,10.0
low,low_lookup,10.0,5.5,6.0,5.741917999999999,0.47525756540682,1373,1,0.5,20,DING,丁（DING）,B,FAN_eff,FAN_eff,10.0,10.0
low,low_lookup,10.0,6.0,6.5,6.2537705,0.4624293146189648,1264,1,0.5,20,DING,丁（DING）,B,FAN_eff,FAN_eff,10.0,10.0
low,low_lookup,10.0,6.5,7.0,6.745749,0.4586678226333001,1176,1,0.5,20,DING,丁（DING）,B,FAN_eff,FAN_eff,10.0,10.0
low,low_lookup,10.0,7.0,7.5,7.259010000000002,0.4752376732309635,1128,1,0.5,20,DING,丁（DING）,B,FAN_eff,FAN_eff,10.0,10.0
low,low_lookup,10.0,7.5,8.0,7.750274000000001,0.45069291008028184,1065,1,0.5,20,DING,丁（DING）,B,FAN_eff,FAN_eff,10.0,10.0
low,low_lookup,10.0,8.0,8.5,8.252597000000002,0.4776834765728244,1124,1,0.5,20,DING,丁（DING）,B,FAN_eff,FAN_eff,10.0,10.0
low,low_lookup,10.0,8.5,9.0,8.747587,0.46586099854148216,1080,1,0.5,20,DING,丁（DING）,B,FAN_eff,FAN_eff,10.0,10.0
low,low_lookup,10.0,9.0,9.5,9.245465,0.4609004960435917,1142,1,0.5,20,DING,丁（DING）,B,FAN_eff,FAN_eff,10.0,10.0
low,low_lookup,10.0,9.5,10.0,9.749925,0.48279898240489294,1037,1,0.5,20,DING,丁（DING）,B,FAN_eff,FAN_eff,10.0,10.0
high,high_fit_bins,10.0,10.0,20.0,14.868289,0.6856946808605197,18492,1,10.0,20,DING,丁（DING）,B,FAN_eff,FAN_eff,10.0,10.0
high,high_fit_bins,10.0,20.0,30.0,24.8771305,0.5793670439984818,16384,1,10.0,20,DING,丁（DING）,B,FAN_eff,FAN_eff,10.0,10.0
high,high_fit_bins,10.0,30.0,40.0,34.9600415,0.678381670710137,14958,1,10.0,20,DING,丁（DING）,B,FAN_eff,FAN_eff,10.0,10.0
high,high_fit_bins,10.0,40.0,50.0,44.797591,0.7756644786538701,14113,1,10.0,20,DING,丁（DING）,B,FAN_eff,FAN_eff,10.0,10.0
high,high_fit_bins,10.0,50.0,60.0,54.73166699999999,0.9298447884538412,11115,1,10.0,20,DING,丁（DING）,B,FAN_eff,FAN_eff,10.0,10.0
high,high_fit_bins,10.0,60.0,70.0,64.727881,0.9609350453140648,9303,1,10.0,20,DING,丁（DING）,B,FAN_eff,FAN_eff,10.0,10.0
high,high_fit_bins,10.0,70.0,80.0,74.98238850000003,1.124293437671649,7940,1,10.0,20,DING,丁（DING）,B,FAN_eff,FAN_eff,10.0,10.0
high,high_fit_bins,10.0,80.0,90.0,84.88622450000003,1.3391693662240196,6956,1,10.0,20,DING,丁（DING）,B,FAN_eff,FAN_eff,10.0,10.0
high,high_fit_bins,10.0,90.0,100.0,94.71053900000001,1.3559548425145789,6372,1,10.0,20,DING,丁（DING）,B,FAN_eff,FAN_eff,10.0,10.0
high,high_fit_bins,10.0,100.0,110.0,104.93840849999995,1.4073838136121415,5700,1,10.0,20,DING,丁（DING）,B,FAN_eff,FAN_eff,10.0,10.0
high,high_fit_bins,10.0,110.0,120.0,114.854023,1.6036649883463725,5244,1,10.0,20,DING,丁（DING）,B,FAN_eff,FAN_eff,10.0,10.0
high,high_fit_bins,10.0,120.0,130.0,124.987126,1.6633408723289635,4567,1,10.0,20,DING,丁（DING）,B,FAN_eff,FAN_eff,10.0,10.0
high,high_fit_bins,10.0,130.0,140.0,134.82502899999997,1.8825461794216758,3979,1,10.0,20,DING,丁（DING）,B,FAN_eff,FAN_eff,10.0,10.0
high,high_fit_bins,10.0,140.0,150.0,145.376986,1.965348433894106,3803,1,10.0,20,DING,丁（DING）,B,FAN_eff,FAN_eff,10.0,10.0
high,high_fit_bins,10.0,150.0,160.0,154.168618,2.0526124052755783,3841,1,10.0,20,DING,丁（DING）,B,FAN_eff,FAN_eff,10.0,10.0
high,high_fit_bins,10.0,160.0,170.0,164.88829100000004,2.2876854144362837,3066,1,10.0,20,DING,丁（DING）,B,FAN_eff,FAN_eff,10.0,10.0
high,high_fit_bins,10.0,170.0,180.0,174.93429899999998,2.398218004285691,2833,1,10.0,20,DING,丁（DING）,B,FAN_eff,FAN_eff,10.0,10.0
high,high_fit_bins,10.0,180.0,190.0,185.117772,2.5843386009045886,2857,1,10.0,20,DING,丁（DING）,B,FAN_eff,FAN_eff,10.0,10.0
high,high_fit_bins,10.0,190.0,200.0,194.86974650000002,2.6012060510454433,2550,1,10.0,20,DING,丁（DING）,B,FAN_eff,FAN_eff,10.0,10.0
high,high_fit_bins,10.0,200.0,210.0,205.13893,2.4666124824235394,2767,1,10.0,20,DING,丁（DING）,B,FAN_eff,FAN_eff,10.0,10.0
high,high_fit_bins,10.0,210.0,220.0,214.987733,2.472020979366737,2832,1,10.0,20,DING,丁（DING）,B,FAN_eff,FAN_eff,10.0,10.0
high,high_fit_bins,10.0,220.0,230.0,224.847698,2.395642478854997,2642,1,10.0,20,DING,丁（DING）,B,FAN_eff,FAN_eff,10.0,10.0
high,high_fit_bins,10.0,230.0,240.0,235.573912,2.5520979773436623,2426,1,10.0,20,DING,丁（DING）,B,FAN_eff,FAN_eff,10.0,10.0
high,high_fit_bins,10.0,240.0,250.0,244.48854699999998,2.2022752890561024,2760,1,10.0,20,DING,丁（DING）,B,FAN_eff,FAN_eff,10.0,10.0
high,high_fit_bins,10.0,250.0,260.0,256.346889,1.869491757120865,3590,1,10.0,20,DING,丁（DING）,B,FAN_eff,FAN_eff,10.0,10.0
high,high_fit_bins,10.0,260.0,270.0,264.41183700000005,1.7486042655084906,3035,1,10.0,20,DING,丁（DING）,B,FAN_eff,FAN_eff,10.0,10.0
high,high_fit_bins,10.0,270.0,280.0,275.808653,1.9530853251729057,1839,1,10.0,20,DING,丁（DING）,B,FAN_eff,FAN_eff,10.0,10.0
high,high_fit_bins,10.0,280.0,300.0,285.50317600000005,1.18099477525438,1622,2,10.0,20,DING,丁（DING）,B,FAN_eff,FAN_eff,10.0,10.0
high,high_fit_bins,0.0,0.0,10.0,4.7448683,0.44992874830587637,7703,1,10.0,20,WU,戊（WU）,A,CT_eff,CT_eff,,10.0
high,high_fit_bins,0.0,10.0,20.0,14.739452,0.8922797309956743,6199,1,10.0,20,WU,戊（WU）,A,CT_eff,CT_eff,,10.0
high,high_fit_bins,0.0,20.0,30.0,25.23616,1.4581550893773645,5155,1,10.0,20,WU,戊（WU）,A,CT_eff,CT_eff,,10.0
high,high_fit_bins,0.0,30.0,40.0,34.865855999999994,1.6490304042747517,6046,1,10.0,20,WU,戊（WU）,A,CT_eff,CT_eff,,10.0
high,high_fit_bins,0.0,40.0,50.0,44.7189255,1.8324159697767284,5244,1,10.0,20,WU,戊（WU）,A,CT_eff,CT_eff,,10.0
high,high_fit_bins,0.0,50.0,60.0,55.05515,1.757646568232288,4497,1,10.0,20,WU,戊（WU）,A,CT_eff,CT_eff,,10.0
high,high_fit_bins,0.0,60.0,70.0,64.77565,1.791568708402204,4285,1,10.0,20,WU,戊（WU）,A,CT_eff,CT_eff,,10.0
high,high_fit_bins,0.0,70.0,80.0,74.95067,1.9968759420214277,3939,1,10.0,20,WU,戊（WU）,A,CT_eff,CT_eff,,10.0
high,high_fit_bins,0.0,80.0,90.0,85.17433500000001,2.0829802363127863,3406,1,10.0,20,WU,戊（WU）,A,CT_eff,CT_eff,,10.0
high,high_fit_bins,0.0,90.0,100.0,94.71253999999999,2.2851486797038554,3354,1,10.0,20,WU,戊（WU）,A,CT_eff,CT_eff,,10.0
high,high_fit_bins,0.0,100.0,110.0,104.95812,2.5193185951902617,3027,1,10.0,20,WU,戊（WU）,A,CT_eff,CT_eff,,10.0
high,high_fit_bins,0.0,110.0,120.0,114.65242,2.7243312709177507,2801,1,10.0,20,WU,戊（WU）,A,CT_eff,CT_eff,,10.0
high,high_fit_bins,0.0,120.0,130.0,124.97452,3.433617043274616,2413,1,10.0,20,WU,戊（WU）,A,CT_eff,CT_eff,,10.0
high,high_fit_bins,0.0,130.0,140.0,134.8087,3.196681620221057,2193,1,10.0,20,WU,戊（WU）,A,CT_eff,CT_eff,,10.0
high,high_fit_bins,0.0,140.0,150.0,145.0586,3.2396517642689364,2024,1,10.0,20,WU,戊（WU）,A,CT_eff,CT_eff,,10.0
high,high_fit_bins,0.0,150.0,160.0,155.1719,3.571496830422718,2173,1,10.0,20,WU,戊（WU）,A,CT_eff,CT_eff,,10.0
high,high_fit_bins,0.0,160.0,170.0,164.9919,3.691039059584094,2621,1,10.0,20,WU,戊（WU）,A,CT_eff,CT_eff,,10.0
high,high_fit_bins,0.0,170.0,180.0,174.929,4.175753531105618,2475,1,10.0,20,WU,戊（WU）,A,CT_eff,CT_eff,,10.0
high,high_fit_bins,0.0,180.0,190.0,185.107115,4.361143986943588,2300,1,10.0,20,WU,戊（WU）,A,CT_eff,CT_eff,,10.0
high,high_fit_bins,0.0,190.0,200.0,194.881565,3.744678944902422,2398,1,10.0,20,WU,戊（WU）,A,CT_eff,CT_eff,,10.0
high,high_fit_bins,0.0,200.0,210.0,204.932605,3.905125639186518,2214,1,10.0,20,WU,戊（WU）,A,CT_eff,CT_eff,,10.0
high,high_fit_bins,0.0,210.0,220.0,214.81538,3.834730634536713,2245,1,10.0,20,WU,戊（WU）,A,CT_eff,CT_eff,,10.0
high,high_fit_bins,0.0,220.0,230.0,225.49918,3.8239777317384864,2109,1,10.0,20,WU,戊（WU）,A,CT_eff,CT_eff,,10.0
high,high_fit_bins,0.0,230.0,240.0,234.66002,4.290196665813142,1471,1,10.0,20,WU,戊（WU）,A,CT_eff,CT_eff,,10.0
high,high_fit_bins,0.0,240.0,250.0,244.50043,3.7785423294371703,1403,1,10.0,20,WU,戊（WU）,A,CT_eff,CT_eff,,10.0
high,high_fit_bins,0.0,250.0,260.0,255.28062999999997,3.647039484002453,1368,1,10.0,20,WU,戊（WU）,A,CT_eff,CT_eff,,10.0
high,high_fit_bins,0.0,260.0,270.0,265.80329,3.0119890055460115,2398,1,10.0,20,WU,戊（WU）,A,CT_eff,CT_eff,,10.0
high,high_fit_bins,0.0,270.0,280.0,275.78502000000003,2.072780261365486,3362,1,10.0,20,WU,戊（WU）,A,CT_eff,CT_eff,,10.0
high,high_fit_bins,0.0,280.0,290.0,282.19237999999996,1.2916672329704273,2484,1,10.0,20,WU,戊（WU）,A,CT_eff,CT_eff,,10.0
high,high_fit_bins,0.0,290.0,300.0,291.209395,0.8012049502945578,1988,1,10.0,20,WU,戊（WU）,A,CT_eff,CT_eff,,10.0
low,low_lookup,9.5,0.0,0.5,0.27414814,0.8361417828330978,71,1,0.5,20,WU,戊（WU）,AP,CT_eff,CT_eff,9.5,10.0
high,high_fit_bins,9.5,0.0,10.0,8.361869,0.5045657338810564,7703,1,10.0,20,WU,戊（WU）,AP,CT_eff,CT_eff,9.5,10.0
low,low_lookup,9.5,0.5,1.0,0.8623848199999999,0.3256341924278,214,1,0.5,20,WU,戊（WU）,AP,CT_eff,CT_eff,9.5,10.0
low,low_lookup,9.5,1.0,1.5,1.2370652,0.3196660023643114,476,1,0.5,20,WU,戊（WU）,AP,CT_eff,CT_eff,9.5,10.0
low,low_lookup,9.5,1.5,2.0,1.7461981,0.3404640417547374,550,1,0.5,20,WU,戊（WU）,AP,CT_eff,CT_eff,9.5,10.0
low,low_lookup,9.5,2.0,2.5,2.2555227,0.302956803796066,567,1,0.5,20,WU,戊（WU）,AP,CT_eff,CT_eff,9.5,10.0
low,low_lookup,9.5,2.5,3.0,2.7312253,0.34418021306350965,471,1,0.5,20,WU,戊（WU）,AP,CT_eff,CT_eff,9.5,10.0
low,low_lookup,9.5,3.0,3.5,3.23664575,0.32117956198487735,420,1,0.5,20,WU,戊（WU）,AP,CT_eff,CT_eff,9.5,10.0
low,low_lookup,9.5,3.5,4.0,3.742962,0.33367896944085806,423,1,0.5,20,WU,戊（WU）,AP,CT_eff,CT_eff,9.5,10.0
low,low_lookup,9.5,4.0,4.5,4.2364297,0.3352314629614341,446,1,0.5,20,WU,戊（WU）,AP,CT_eff,CT_eff,9.5,10.0
low,low_lookup,9.5,4.5,5.0,4.74501515,0.32423928747376174,428,1,0.5,20,WU,戊（WU）,AP,CT_eff,CT_eff,9.5,10.0
low,low_lookup,9.5,5.0,5.5,5.245195750000001,0.4811366185282858,345,1,0.5,20,WU,戊（WU）,AP,CT_eff,CT_eff,9.5,10.0
low,low_lookup,9.5,5.5,6.0,5.748328,0.5177797070111675,331,1,0.5,20,WU,戊（WU）,AP,CT_eff,CT_eff,9.5,10.0
low,low_lookup,9.5,6.0,6.5,6.2152944,0.5081588653598156,327,1,0.5,20,WU,戊（WU）,AP,CT_eff,CT_eff,9.5,10.0
low,low_lookup,9.5,6.5,7.0,6.662753,0.5468901262301322,348,1,0.5,20,WU,戊（WU）,AP,CT_eff,CT_eff,9.5,10.0
low,low_lookup,9.5,7.0,9.5,7.35166645,0.6657208928152775,1920,5,0.5,20,WU,戊（WU）,AP,CT_eff,CT_eff,9.5,10.0
high,high_fit_bins,9.5,10.0,20.0,14.739452,0.8924112624278095,6199,1,10.0,20,WU,戊（WU）,AP,CT_eff,CT_eff,9.5,10.0
high,high_fit_bins,9.5,20.0,30.0,25.23616,1.4581550893773645,5155,1,10.0,20,WU,戊（WU）,AP,CT_eff,CT_eff,9.5,10.0
high,high_fit_bins,9.5,30.0,40.0,34.865855999999994,1.6490304042747517,6046,1,10.0,20,WU,戊（WU）,AP,CT_eff,CT_eff,9.5,10.0
high,high_fit_bins,9.5,40.0,50.0,44.7189255,1.8324159697767284,5244,1,10.0,20,WU,戊（WU）,AP,CT_eff,CT_eff,9.5,10.0
high,high_fit_bins,9.5,50.0,60.0,55.05515,1.757646568232288,4497,1,10.0,20,WU,戊（WU）,AP,CT_eff,CT_eff,9.5,10.0
high,high_fit_bins,9.5,60.0,70.0,64.77565,1.791568708402204,4285,1,10.0,20,WU,戊（WU）,AP,CT_eff,CT_eff,9.5,10.0
high,high_fit_bins,9.5,70.0,80.0,74.95067,1.9968759420214277,3939,1,10.0,20,WU,戊（WU）,AP,CT_eff,CT_eff,9.5,10.0
high,high_fit_bins,9.5,80.0,90.0,85.17433500000001,2.0829802363127863,3406,1,10.0,20,WU,戊（WU）,AP,CT_eff,CT_eff,9.5,10.0
high,high_fit_bins,9.5,90.0,100.0,94.71253999999999,2.2851486797038554,3354,1,10.0,20,WU,戊（WU）,AP,CT_eff,CT_eff,9.5,10.0
high,high_fit_bins,9.5,100.0,110.0,104.95812,2.5193185951902617,3027,1,10.0,20,WU,戊（WU）,AP,CT_eff,CT_eff,9.5,10.0
high,high_fit_bins,9.5,110.0,120.0,114.65242,2.7243312709177507,2801,1,10.0,20,WU,戊（WU）,AP,CT_eff,CT_eff,9.5,10.0
high,high_fit_bins,9.5,120.0,130.0,124.97452,3.433617043274616,2413,1,10.0,20,WU,戊（WU）,AP,CT_eff,CT_eff,9.5,10.0
high,high_fit_bins,9.5,130.0,140.0,134.8087,3.196681620221057,2193,1,10.0,20,WU,戊（WU）,AP,CT_eff,CT_eff,9.5,10.0
high,high_fit_bins,9.5,140.0,150.0,145.0586,3.2396517642689364,2024,1,10.0,20,WU,戊（WU）,AP,CT_eff,CT_eff,9.5,10.0
high,high_fit_bins,9.5,150.0,160.0,155.1719,3.571496830422718,2173,1,10.0,20,WU,戊（WU）,AP,CT_eff,CT_eff,9.5,10.0
high,high_fit_bins,9.5,160.0,170.0,164.9919,3.691039059584094,2621,1,10.0,20,WU,戊（WU）,AP,CT_eff,CT_eff,9.5,10.0
high,high_fit_bins,9.5,170.0,180.0,174.929,4.175753531105618,2475,1,10.0,20,WU,戊（WU）,AP,CT_eff,CT_eff,9.5,10.0
high,high_fit_bins,9.5,180.0,190.0,185.107115,4.361143986943588,2300,1,10.0,20,WU,戊（WU）,AP,CT_eff,CT_eff,9.5,10.0
high,high_fit_bins,9.5,190.0,200.0,194.881565,3.744678944902422,2398,1,10.0,20,WU,戊（WU）,AP,CT_eff,CT_eff,9.5,10.0
high,high_fit_bins,9.5,200.0,210.0,204.932605,3.905125639186518,2214,1,10.0,20,WU,戊（WU）,AP,CT_eff,CT_eff,9.5,10.0
high,high_fit_bins,9.5,210.0,220.0,214.81538,3.834730634536713,2245,1,10.0,20,WU,戊（WU）,AP,CT_eff,CT_eff,9.5,10.0
high,high_fit_bins,9.5,220.0,230.0,225.49918,3.8239777317384864,2109,1,10.0,20,WU,戊（WU）,AP,CT_eff,CT_eff,9.5,10.0
high,high_fit_bins,9.5,230.0,240.0,234.66002,4.290196665813142,1471,1,10.0,20,WU,戊（WU）,AP,CT_eff,CT_eff,9.5,10.0
high,high_fit_bins,9.5,240.0,250.0,244.50043,3.7785423294371703,1403,1,10.0,20,WU,戊（WU）,AP,CT_eff,CT_eff,9.5,10.0
high,high_fit_bins,9.5,250.0,260.0,255.28062999999997,3.647039484002453,1368,1,10.0,20,WU,戊（WU）,AP,CT_eff,CT_eff,9.5,10.0
high,high_fit_bins,9.5,260.0,270.0,265.80329,3.0119890055460115,2398,1,10.0,20,WU,戊（WU）,AP,CT_eff,CT_eff,9.5,10.0
high,high_fit_bins,9.5,270.0,280.0,275.78502000000003,2.072780261365486,3362,1,10.0,20,WU,戊（WU）,AP,CT_eff,CT_eff,9.5,10.0
high,high_fit_bins,9.5,280.0,290.0,282.19237999999996,1.2916672329704273,2484,1,10.0,20,WU,戊（WU）,AP,CT_eff,CT_eff,9.5,10.0
high,high_fit_bins,9.5,290.0,300.0,291.209395,0.8012049502945578,1988,1,10.0,20,WU,戊（WU）,AP,CT_eff,CT_eff,9.5,10.0
low,low_lookup,10.0,0.0,0.5,0.159,0.052867016355776106,3554,1,0.5,20,WU,戊（WU）,B,FAN_eff,FAN_eff,10.0,10.0
low,low_lookup,10.0,0.5,1.0,0.699,0.0,1513,1,0.5,20,WU,戊（WU）,B,FAN_eff,FAN_eff,10.0,10.0
low,low_lookup,10.0,1.0,1.5,1.2325,0.0,814,1,0.5,20,WU,戊（WU）,B,FAN_eff,FAN_eff,10.0,10.0
low,low_lookup,10.0,1.5,2.0,1.7349999999999999,0.0,614,1,0.5,20,WU,戊（WU）,B,FAN_eff,FAN_eff,10.0,10.0
low,low_lookup,10.0,2.0,2.5,2.255,0.0,508,1,0.5,20,WU,戊（WU）,B,FAN_eff,FAN_eff,10.0,10.0
low,low_lookup,10.0,2.5,3.0,2.761,0.04485020460956018,498,1,0.5,20,WU,戊（WU）,B,FAN_eff,FAN_eff,10.0,10.0
low,low_lookup,10.0,3.0,3.5,3.24855,0.05695925330585992,644,1,0.5,20,WU,戊（WU）,B,FAN_eff,FAN_eff,10.0,10.0
low,low_lookup,10.0,3.5,4.0,3.74,0.22079190227602685,587,1,0.5,20,WU,戊（WU）,B,FAN_eff,FAN_eff,10.0,10.0
low,low_lookup,10.0,4.0,4.5,4.241,0.45523387031870366,456,1,0.5,20,WU,戊（WU）,B,FAN_eff,FAN_eff,10.0,10.0
low,low_lookup,10.0,4.5,5.0,4.757,0.30877686675661997,515,1,0.5,20,WU,戊（WU）,B,FAN_eff,FAN_eff,10.0,10.0
low,low_lookup,10.0,5.0,5.5,5.2645,0.29144358859474145,554,1,0.5,20,WU,戊（WU）,B,FAN_eff,FAN_eff,10.0,10.0
low,low_lookup,10.0,5.5,6.0,5.711,0.3588565204250494,533,1,0.5,20,WU,戊（WU）,B,FAN_eff,FAN_eff,10.0,10.0
low,low_lookup,10.0,6.0,6.5,6.230899999999999,0.3790208259701409,489,1,0.5,20,WU,戊（WU）,B,FAN_eff,FAN_eff,10.0,10.0
low,low_lookup,10.0,6.5,7.0,6.7379999999999995,0.3796345548091689,414,1,0.5,20,WU,戊（WU）,B,FAN_eff,FAN_eff,10.0,10.0
low,low_lookup,10.0,7.0,7.5,7.252,0.3567226433804337,465,1,0.5,20,WU,戊（WU）,B,FAN_eff,FAN_eff,10.0,10.0
low,low_lookup,10.0,7.5,8.0,7.72,0.4128769073762,454,1,0.5,20,WU,戊（WU）,B,FAN_eff,FAN_eff,10.0,10.0
low,low_lookup,10.0,8.0,8.5,8.219,0.38141514773279633,421,1,0.5,20,WU,戊（WU）,B,FAN_eff,FAN_eff,10.0,10.0
low,low_lookup,10.0,8.5,9.0,8.721,0.4380940495419884,297,1,0.5,20,WU,戊（WU）,B,FAN_eff,FAN_eff,10.0,10.0
low,low_lookup,10.0,9.0,9.5,9.253,0.5316773395235654,314,1,0.5,20,WU,戊（WU）,B,FAN_eff,FAN_eff,10.0,10.0
low,low_lookup,10.0,9.5,10.0,9.756,0.5300335831235294,320,1,0.5,20,WU,戊（WU）,B,FAN_eff,FAN_eff,10.0,10.0
high,high_fit_bins,10.0,10.0,20.0,14.541,0.6813787323272696,6747,1,10.0,20,WU,戊（WU）,B,FAN_eff,FAN_eff,10.0,10.0
high,high_fit_bins,10.0,20.0,30.0,24.566499999999998,1.2490173943607257,5132,1,10.0,20,WU,戊（WU）,B,FAN_eff,FAN_eff,10.0,10.0
high,high_fit_bins,10.0,30.0,40.0,35.154,1.5533229872624301,5721,1,10.0,20,WU,戊（WU）,B,FAN_eff,FAN_eff,10.0,10.0
high,high_fit_bins,10.0,40.0,50.0,44.8171,1.6154948007275398,5503,1,10.0,20,WU,戊（WU）,B,FAN_eff,FAN_eff,10.0,10.0
high,high_fit_bins,10.0,50.0,60.0,54.71795,1.6963264659199606,4488,1,10.0,20,WU,戊（WU）,B,FAN_eff,FAN_eff,10.0,10.0
high,high_fit_bins,10.0,60.0,70.0,64.9201,1.6862665192085078,4431,1,10.0,20,WU,戊（WU）,B,FAN_eff,FAN_eff,10.0,10.0
high,high_fit_bins,10.0,70.0,80.0,75.04220000000001,1.8750169997960087,3949,1,10.0,20,WU,戊（WU）,B,FAN_eff,FAN_eff,10.0,10.0
high,high_fit_bins,10.0,80.0,90.0,84.647,1.9312136691574218,3379,1,10.0,20,WU,戊（WU）,B,FAN_eff,FAN_eff,10.0,10.0
high,high_fit_bins,10.0,90.0,100.0,95.0651,2.100037165316435,3445,1,10.0,20,WU,戊（WU）,B,FAN_eff,FAN_eff,10.0,10.0
high,high_fit_bins,10.0,100.0,110.0,104.847,2.460326846883865,3031,1,10.0,20,WU,戊（WU）,B,FAN_eff,FAN_eff,10.0,10.0
high,high_fit_bins,10.0,110.0,120.0,115.11155,2.4614760998343934,2914,1,10.0,20,WU,戊（WU）,B,FAN_eff,FAN_eff,10.0,10.0
high,high_fit_bins,10.0,120.0,130.0,124.7279,2.637146818465984,2467,1,10.0,20,WU,戊（WU）,B,FAN_eff,FAN_eff,10.0,10.0
high,high_fit_bins,10.0,130.0,140.0,134.772,2.8824917262792797,2286,1,10.0,20,WU,戊（WU）,B,FAN_eff,FAN_eff,10.0,10.0
high,high_fit_bins,10.0,140.0,150.0,144.744,3.0504385661367803,2051,1,10.0,20,WU,戊（WU）,B,FAN_eff,FAN_eff,10.0,10.0
high,high_fit_bins,10.0,150.0,160.0,155.15955,3.169914921032941,1950,1,10.0,20,WU,戊（WU）,B,FAN_eff,FAN_eff,10.0,10.0
high,high_fit_bins,10.0,160.0,170.0,165.10784999999998,3.3208691921026046,2150,1,10.0,20,WU,戊（WU）,B,FAN_eff,FAN_eff,10.0,10.0
high,high_fit_bins,10.0,170.0,180.0,175.06310000000002,3.523469833755903,2488,1,10.0,20,WU,戊（WU）,B,FAN_eff,FAN_eff,10.0,10.0
high,high_fit_bins,10.0,180.0,190.0,184.6781,3.5881367482173494,2285,1,10.0,20,WU,戊（WU）,B,FAN_eff,FAN_eff,10.0,10.0
high,high_fit_bins,10.0,190.0,200.0,195.0509,3.6232496738822095,2221,1,10.0,20,WU,戊（WU）,B,FAN_eff,FAN_eff,10.0,10.0
high,high_fit_bins,10.0,200.0,210.0,204.8479,3.473474371804423,2285,1,10.0,20,WU,戊（WU）,B,FAN_eff,FAN_eff,10.0,10.0
high,high_fit_bins,10.0,210.0,220.0,214.601,4.038459884715883,2136,1,10.0,20,WU,戊（WU）,B,FAN_eff,FAN_eff,10.0,10.0
high,high_fit_bins,10.0,220.0,230.0,224.571,3.508414608810333,2130,1,10.0,20,WU,戊（WU）,B,FAN_eff,FAN_eff,10.0,10.0
high,high_fit_bins,10.0,230.0,240.0,235.341,3.691079345454713,2019,1,10.0,20,WU,戊（WU）,B,FAN_eff,FAN_eff,10.0,10.0
high,high_fit_bins,10.0,240.0,250.0,244.35865,4.200073522709042,1524,1,10.0,20,WU,戊（WU）,B,FAN_eff,FAN_eff,10.0,10.0
high,high_fit_bins,10.0,250.0,260.0,255.06740000000002,3.841368821894063,1414,1,10.0,20,WU,戊（WU）,B,FAN_eff,FAN_eff,10.0,10.0
high,high_fit_bins,10.0,260.0,270.0,265.1893,4.347350455178814,1173,1,10.0,20,WU,戊（WU）,B,FAN_eff,FAN_eff,10.0,10.0
high,high_fit_bins,10.0,270.0,280.0,275.875,3.3765338602677577,1675,1,10.0,20,WU,戊（WU）,B,FAN_eff,FAN_eff,10.0,10.0
high,high_fit_bins,10.0,280.0,290.0,285.0539,2.5211590869527867,2564,1,10.0,20,WU,戊（WU）,B,FAN_eff,FAN_eff,10.0,10.0
high,high_fit_bins,10.0,290.0,300.0,294.7748,2.0385092688928816,3669,1,10.0,20,WU,戊（WU）,B,FAN_eff,FAN_eff,10.0,10.0
high,high_fit_bins,10.0,300.0,320.0,306.9733,1.0114421947851056,2916,2,10.0,20,WU,戊（WU）,B,FAN_eff,FAN_eff,10.0,10.0
